id;start_date;end_date;language
1;2024-04-11T14:55:35;2024-04-11T20:18:33;FRENCH
2;2024-04-11T02:27:43;2024-04-11T18:13:08;ENGLISH
3;2024-04-11T15:42:27;2024-04-11T09:27:31;ENGLISH
4;2024-04-11T02:50:22;2024-04-11T13:02:10;ENGLISH
5;2024-04-11T07:14:19;2024-04-11T16:39:03;SPANISH
6;2024-04-11T13:50:00;2024-04-10T23:58:34;SPANISH
7;2024-04-11T14:44:29;2024-04-11T20:08:42;ENGLISH
8;2024-04-11T02:49:33;2024-04-11T01:14:47;FRENCH
9;2024-04-11T15:12:14;2024-04-11T18:34:48;SPANISH
10;2024-04-11T00:30:57;2024-04-11T07:48:02;FRENCH
